<?xml version="1.0" encoding="UTF-8"?>
<filetype binary="false" default_extension="" description="Cascading style sheet" name="CSS">
  <highlighting>
    <options>
      <option name="LINE_COMMENT" value="" />
      <option name="COMMENT_START" value="/*" />
      <option name="COMMENT_END" value="*/" />
      <option name="HEX_PREFIX" value="#" />
      <option name="NUM_POSTFIXES" value="px,em,pt,in,cm,mm,ex,pc,%" />
      <option name="HAS_BRACES" value="true" />
      <option name="HAS_PARENS" value="true" />
      <option name="HAS_STRING_ESCAPES" value="true" />
    </options>
    <keywords keywords="*;@-moz-keyframes;@-o-keyframes;@-webkit-keyframes;@charset;@font-face;@import;@keyframes;@media;a;abbr;address;area;article;aside;audio;b;base;bdi;bdo;blockquote;body;br;button;canvas;caption;cite;code;col;colgroup;data;datalist;dd;del;details;dfn;div;dl;dt;em;embed;fieldset;figcaption;figure;footer;form;h1;h2;h3;h4;h5;h6;head;header;hr;html;i;iframe;img;input;ins;kdb;keygen;label;legend;li;link;mail;map;mark;math;menu;menuitem;meter;nav;object;ol;optgroup;option;output;p;param;pre;progress;q;rp;rt;ruby;s;samp;section;select;small;source;span;strong;sub;summary;sup;svg;table;tbody;td;textarea;tfoot;th;thead;time;title;tr;track;u;ul;var;video;wbr" ignore_case="true" />
    <keywords2 keywords="-moz-box-sizing;-moz-transform;-ms-transform;-o-transform;-webkit-box-sizing;-webkit-transform;animation;animation-delay;animation-direction;animation-duration;animation-fill-mode;animation-iteration-count;animation-name;animation-play-state;animation-timing-function;azimuth;backface-visibility;background;background-attachment;background-clip;background-color;background-image;background-origin;background-position;background-repeat;background-size;border;border-bottom;border-bottom-color;border-bottom-left-radius;border-bottom-right-radius;border-bottom-style;border-bottom-width;border-collapse;border-color;border-image;border-image-outset;border-image-repeat;border-image-slice;border-image-source;border-image-width;border-left;border-left-color;border-left-style;border-left-width;border-radius;border-right;border-right-color;border-right-style;border-right-width;border-spacing;border-style;border-top;border-top-color;border-top-left-radius;border-top-right-radius;border-top-style;border-top-width;border-width;bottom;box-decoration-break;box-shadow;box-sizing;break-after;break-before;break-inside;caption-side;clear;clip;color;column-count;column-fill;column-gap;column-rule;column-rule-color;column-rule-style;column-rule-width;column-span;column-width;columns;content;counter-increment;counter-reset;cue;cue-after;cue-before;cursor;direction;display;elevation;empty-cells;float;font;font-family;font-size;font-size-adjust;font-stretch;font-style;font-variant;font-weight;height;left;letter-spacing;line-height;list-style;list-style-image;list-style-position;list-style-type;margin;margin-bottom;margin-left;margin-right;margin-top;marker-offset;marks;marquee-direction;marquee-play-count;marquee-speed;marquee-style;max-height;max-width;min-height;min-width;opacity;orphans;outline;outline-color;outline-style;outline-width;overflow;overflow-style;overflow-x;overflow-y;padding;padding-bottom;padding-left;padding-right;padding-top;page;page-break-after;page-break-before;page-break-inside;pause;pause-after;pause-before;perspective;perspective-origin;pitch;pitch-range;play-during;pointer-events;position;quotes;richness;right;size;speak;speak-header;speak-numeral;speak-punctuation;speech-rate;src;stress;table-layout;text-align;text-decoration;text-indent;text-shadow;text-transform;top;transform;transform-origin;transform-style;transition;transition-delay;transition-duration;transition-property;transition-timing-function;unicode-bidi;vertical-align;visibility;voice-family;volume;white-space;widows;width;word-spacing;z-index" />
    <keywords3 keywords="active;after;before;checked;default;dir;disabled;empty;enabled;first;first-child;first-letter;first-line;first-of-type;focus;fullscreen;hover;in-range;indeterminate;invalid;lang;last-child;last-of-type;left;link;not;nth-child;nth-last-child;nth-last-of-type;nth-of-type;only-child;only-of-type;optional;out-of-range;read-only;read-write;required;right;root;scope;selection;target;valid;visited" />
  </highlighting>
  <extensionMap>
    <mapping ext="css" />
  </extensionMap>
</filetype>

