<?xml version="1.0" encoding="UTF-8"?>
<filetype binary="false" default_extension="" description="JavaScript files" name="JavaScript">
  <highlighting>
    <options>
      <option name="LINE_COMMENT" value="//" />
      <option name="COMMENT_START" value="/*" />
      <option name="COMMENT_END" value="*/" />
      <option name="HEX_PREFIX" value="" />
      <option name="NUM_POSTFIXES" value="" />
      <option name="HAS_BRACES" value="true" />
      <option name="HAS_BRACKETS" value="true" />
      <option name="HAS_PARENS" value="true" />
      <option name="HAS_STRING_ESCAPES" value="true" />
      <option name="LINE_COMMENT_AT_START" value="true" />
    </options>
    <keywords keywords="break;case;catch;console;continue;debugger;default;delete;do;else;finally;for;function;if;in;instanceof;new;return;switch;this;throw;try;typeof;var;void;while;with" ignore_case="false" />
  </highlighting>
  <extensionMap>
    <mapping ext="js" />
  </extensionMap>
</filetype>

