<?xml version="1.0"?>
<data grt_format="2.0">
  <value _ptr_="0000000023CA8430" type="list" content-type="object" content-struct-name="db.mgmt.Connection">
    <value type="object" struct-name="db.mgmt.Connection" id="{19B20CDB-A509-485B-8292-5FCF46473679}" struct-checksum="0x96ba47d8">
      <link type="object" struct-name="db.mgmt.Driver" key="driver">com.mysql.rdbms.mysql.driver.native</link>
      <value type="string" key="hostIdentifier">Mysql@localhost:3306</value>
      <value type="int" key="isDefault">1</value>
      <value _ptr_="0000000024B3DD50" type="dict" key="modules"/>
      <value _ptr_="0000000024B3D450" type="dict" key="parameterValues">
        <value type="string" key="DbSqlEditor:LastDefaultSchema">knightslivedb</value>
        <value type="int" key="OPT_READ_TIMEOUT">300</value>
        <value type="string" key="SQL_MODE"></value>
        <value type="string" key="hostName">localhost</value>
        <value type="int" key="lastConnected">1553721910</value>
        <value type="string" key="password"></value>
        <value type="int" key="port">3306</value>
        <value type="string" key="schema"></value>
        <value type="string" key="serverVersion">8.0.15</value>
        <value type="string" key="sslCA"></value>
        <value type="string" key="sslCert"></value>
        <value type="string" key="sslCipher"></value>
        <value type="string" key="sslKey"></value>
        <value type="int" key="useSSL">1</value>
        <value type="string" key="userName">root</value>
      </value>
      <value type="string" key="name">Local instance MySQL Router</value>
      <link type="object" struct-name="GrtObject" key="owner">{52BF4DE7-89D5-45D7-AF47-A2910950AFCF}</link>
    </value>
  </value>
</data>
